[[{"__type__":"cc.SceneAsset","_name":"helloworld","scene":{"__id__":1},"asyncLoadAssets":null},{"__type__":"cc.Scene","_name":"New Node","_children":[{"__id__":2}],"_anchorPoint":{"__type__":"cc.Vec2"},"autoReleaseAssets":null},{"__type__":"cc.Node","_name":"Canvas","_parent":{"__id__":1},"_children":[{"__id__":3},{"__id__":12},{"__id__":13},{"__id__":14}],"_components":[{"__type__":"cc.Canvas","node":{"__id__":2},"_designResolution":{"__type__":"cc.Size","width":750,"height":1334},"_fitWidth":true,"_fitHeight":false},{"__type__":"280c3rsZJJKnZ9RqbALVwtK","node":{"__id__":2},"label":{"__id__":15}}],"_id":"a286bbGknJLZpRpxROV6M94","_color":{"__type__":"cc.Color","r":252,"g":252,"b":252},"_contentSize":{"__type__":"cc.Size","width":750,"height":1334},"_position":{"__type__":"cc.Vec2","x":375,"y":667}},{"__type__":"cc.Node","_name":"scrollview","_parent":{"__id__":2},"_children":[{"__id__":4},{"__id__":10}],"_components":[{"__type__":"cc.Sprite","node":{"__id__":3},"_spriteFrame":{"__uuid__":"9bvaMerUlDyary99mJa6xp"},"_type":1,"_sizeMode":0},{"__id__":8}],"_color":{"__type__":"cc.Color","r":184,"g":184,"b":184},"_contentSize":{"__type__":"cc.Size","width":750,"height":250}},{"__type__":"cc.Node","_name":"scrollBar","_parent":{"__id__":3},"_children":[{"__id__":5}],"_components":[{"__id__":7},{"__type__":"cc.Widget","node":{"__id__":4},"_alignFlags":37,"_left":350.07654921020657,"_originalHeight":237},{"__type__":"cc.Sprite","node":{"__id__":4},"_spriteFrame":{"__uuid__":"5f5dyqtRNNxaFmVzYns6FZ"},"_type":1,"_sizeMode":0}],"_color":{"__type__":"cc.Color","r":238,"g":217,"b":227},"_anchorPoint":{"__type__":"cc.Vec2","x":1,"y":0.5},"_contentSize":{"__type__":"cc.Size","width":12,"height":250},"_position":{"__type__":"cc.Vec2","x":375}},{"__type__":"cc.Node","_name":"bar","_parent":{"__id__":4},"_components":[{"__id__":6}],"_color":{"__type__":"cc.Color","r":236,"g":241,"b":245},"_anchorPoint":{"__type__":"cc.Vec2","x":1},"_contentSize":{"__type__":"cc.Size","width":10,"height":30},"_position":{"__type__":"cc.Vec2","x":-1}},{"__type__":"cc.Sprite","node":{"__id__":5},"_spriteFrame":{"__uuid__":"5cO7kybDxGj4ipyMYdRYZB"},"_type":1,"_sizeMode":0},{"__type__":"cc.Scrollbar","node":{"__id__":4},"_scrollView":{"__id__":8},"_N$handle":{"__id__":6},"_N$direction":1},{"__type__":"cc.ScrollView","node":{"__id__":3},"content":{"__id__":9},"horizontal":false,"brake":0.75,"bounceDuration":0.23,"_N$horizontalScrollBar":null,"_N$verticalScrollBar":{"__id__":7}},{"__type__":"cc.Node","_name":"content","_parent":{"__id__":10},"_children":[{"__id__":11}],"_anchorPoint":{"__type__":"cc.Vec2","x":0.5,"y":1},"_contentSize":{"__type__":"cc.Size","width":220,"height":400},"_position":{"__type__":"cc.Vec2","y":115.31}},{"__type__":"cc.Node","_name":"view","_parent":{"__id__":3},"_children":[{"__id__":9}],"_components":[{"__type__":"cc.Mask","node":{"__id__":10}}],"_contentSize":{"__type__":"cc.Size","width":240,"height":250}},{"__type__":"cc.Node","_name":"item","_parent":{"__id__":9},"_components":[{"__type__":"cc.Label","node":{"__id__":11},"_useOriginalSize":false,"_fontSize":16,"_lineHeight":20,"_N$string":"ScrollView content\n\n","_N$horizontalAlign":1}],"_anchorPoint":{"__type__":"cc.Vec2","y":1},"_contentSize":{"__type__":"cc.Size","width":131.33,"height":60},"_position":{"__type__":"cc.Vec2","x":-102.2,"y":-10.15}},{"__type__":"cc.Node","_name":"background","_parent":{"__id__":2},"_components":[{"__type__":"cc.Widget","node":{"__id__":12},"_alignFlags":45,"_originalWidth":200,"_originalHeight":150},{"__type__":"cc.Sprite","node":{"__id__":12},"_spriteFrame":{"__uuid__":"41D7kWhyFGY7q4NDlzkazn"},"_type":1,"_sizeMode":0}],"_color":{"__type__":"cc.Color","r":27,"g":38,"b":46},"_contentSize":{"__type__":"cc.Size","width":750,"height":1334}},{"__type__":"cc.Node","_name":"cocos","_parent":{"__id__":2},"_components":[{"__type__":"cc.Sprite","node":{"__id__":13},"_spriteFrame":{"__uuid__":"31vIlawANFZqnzLlSuHBfc"}}],"_contentSize":{"__type__":"cc.Size","width":195,"height":270},"_position":{"__type__":"cc.Vec2","y":50}},{"__type__":"cc.Node","_name":"label","_parent":{"__id__":2},"_components":[{"__id__":15}],"_contentSize":{"__type__":"cc.Size","width":146.81,"height":60},"_position":{"__type__":"cc.Vec2","y":-180}},{"__type__":"cc.Label","node":{"__id__":14},"_useOriginalSize":false,"_fontSize":60,"_lineHeight":60,"_N$horizontalAlign":1,"_N$verticalAlign":1}],{"__type__":"cc.SpriteFrame","content":{"name":"HelloWorld","texture":"6aoKpq6+5BVaCIpoemqt7E","rect":[0,0,195,270],"offset":[0,0],"originalSize":[195,270]}},{"__type__":"cc.SpriteFrame","content":{"name":"singleColor","texture":"a8Anh32NZGRZegUtSgEj26","rect":[0,0,2,2],"offset":[0,0],"originalSize":[2,2]}},{"__type__":"cc.SpriteFrame","content":{"name":"default_scrollbar_vertical","texture":"d608qFRoFHwbXd0Dap056i","rect":[2,0,11,30],"offset":[0,0],"originalSize":[15,30],"capInsets":[0,5,0,5]}},{"__type__":"cc.SpriteFrame","content":{"name":"default_scrollbar_vertical_bg","texture":"61cyPdEfRN047sDK9rO0W5","rect":[0,0,15,30],"offset":[0,0],"originalSize":[15,30],"capInsets":[0,7,0,8]}},{"__type__":"cc.SpriteFrame","content":{"name":"default_panel","texture":"d8HsitJHxOYqo801xBk8ev","rect":[0,0,20,20],"offset":[0,0],"originalSize":[20,20],"capInsets":[4,3,4,3]}}]